date,cap_rank,stock_id,market,name_short,industry,close,market_cap_bn
2026-10-07,1,2330,TWSE,台積電,24,2585.0,67035.18
2026-10-07,2,2454,TWSE,聯發科,24,4920.0,7896.37
2026-10-07,3,2308,TWSE,台達電,28,2050.0,5324.96
2026-10-07,4,2317,TWSE,鴻海,31,256.0,3603.39
2026-10-07,5,3711,TWSE,日月光投控,24,744.0,3326.11
2026-10-07,6,2881,TWSE,富邦金,17,154.5,2411.34
2026-10-07,7,1303,TWSE,南亞,03,293.0,2323.73
2026-10-07,8,3037,TWSE,欣興,28,1310.0,2150.09
2026-10-07,9,2383,TWSE,台光電,28,5995.0,2148.14
2026-10-07,10,2303,TWSE,聯電,24,147.5,1854.09
2026-10-07,11,2882,TWSE,國泰金,17,112.0,1814.68
2026-10-07,12,2408,TWSE,南亞科,24,525.0,1811.36
2026-10-07,13,3017,TWSE,奇鋐,25,3685.0,1446.99
2026-10-07,14,2891,TWSE,中信金,17,68.4,1380.03
2026-10-07,15,2382,TWSE,廣達,25,333.5,1369.89
2026-10-07,16,6669,TWSE,緯穎,25,2290.0,1282.86
2026-10-07,17,2059,TWSE,川湖,28,13100.0,1248.39
2026-10-07,18,2887,TWSE,台新新光金,17,41.45,1227.17
2026-10-07,19,2345,TWSE,智邦,27,2050.0,1150.29
2026-10-07,20,2412,TWSE,中華電,27,145.5,1128.71
2026-10-07,21,3443,TWSE,創意,24,8375.0,1122.35
2026-10-07,22,7769,TWSE,鴻勁,24,5905.0,1062.49
2026-10-07,23,3653,TWSE,健策,28,7080.0,1042.2
2026-10-07,24,2360,TWSE,致茂,31,2350.0,999.33
2026-10-07,25,8046,TWSE,南電,28,1505.0,972.48
2026-10-07,26,6505,TWSE,台塑化,23,101.5,966.88
2026-10-07,27,2885,TWSE,元大金,17,69.3,960.8
2026-10-07,28,3008,TWSE,大立光,26,6855.0,896.62
2026-10-07,29,2884,TWSE,玉山金,17,45.45,805.53
2026-10-07,30,2344,TWSE,華邦電,24,177.5,798.75
2026-10-07,31,2357,TWSE,華碩,25,1000.0,742.76
2026-10-07,32,2886,TWSE,兆豐金,17,49.3,731.29
2026-10-07,33,2883,TWSE,凱基金,17,37.65,698.66
2026-10-07,34,2301,TWSE,光寶科,25,299.0,692.52
2026-10-07,35,2890,TWSE,永豐金,17,45.4,671.56
2026-10-07,36,2368,TWSE,金像電,28,1260.0,668.55
2026-10-07,37,4958,TWSE,臻鼎-KY,28,574.0,650.57
2026-10-07,38,3231,TWSE,緯創,25,189.5,649.96
2026-10-07,39,2395,TWSE,研華,25,738.0,641.36
2026-10-07,40,2880,TWSE,華南金,17,45.45,638.85
2026-10-07,41,3189,TWSE,景碩,24,1070.0,563.79
2026-10-07,42,2892,TWSE,第一金,17,38.55,554.33
2026-10-07,43,2603,TWSE,長榮,15,236.5,512.03
2026-10-07,44,6446,TWSE,藥華藥,22,1175.0,496.36
2026-10-07,45,3665,TWSE,貿聯-KY,31,2325.0,464.02
2026-10-07,46,3045,TWSE,台灣大,27,123.0,457.98
2026-10-07,47,1301,TWSE,台塑,03,68.6,436.69
2026-10-07,48,1326,TWSE,台化,03,73.0,427.87
2026-10-07,49,1216,TWSE,統一,02,73.7,418.76
2026-10-07,50,5880,TWSE,合庫金,17,25.95,417.09
2026-10-07,51,3481,TWSE,群創,26,51.1,408.25
2026-10-07,52,2379,TWSE,瑞昱,24,755.0,389.21
2026-10-07,53,2449,TWSE,京元電子,24,298.0,382.6
2026-10-07,54,4904,TWSE,遠傳,27,104.5,377.01
2026-10-07,55,3661,TWSE,世芯-KY,24,4180.0,360.76
2026-10-07,56,6770,TWSE,力積電,24,74.3,350.11
2026-10-07,57,2801,TWSE,彰銀,17,27.4,330.45
2026-10-07,58,3034,TWSE,聯詠,24,537.0,326.77
2026-10-07,59,2327,TWSE,國巨*,28,625.0,321.68
2026-10-07,60,2615,TWSE,萬海,15,111.5,312.89
2026-10-07,61,2313,TWSE,華通,28,252.0,310.92
2026-10-07,62,3044,TWSE,健鼎,28,579.0,304.33
2026-10-07,63,2002,TWSE,中鋼,10,18.95,298.9
2026-10-07,64,2207,TWSE,和泰車,12,515.0,286.91
2026-10-07,65,6213,TWSE,聯茂,28,787.0,286.15
2026-10-07,66,2409,TWSE,友達,26,37.45,282.64
2026-10-07,67,3036,TWSE,文曄,29,215.0,273.17
2026-10-07,68,2376,TWSE,技嘉,25,380.0,254.56
2026-10-07,69,2404,TWSE,漢唐,31,1335.0,254.43
2026-10-07,70,1519,TWSE,華城,05,696.0,241.84
2026-10-07,71,4938,TWSE,和碩,25,90.0,240.81
2026-10-07,72,5876,TWSE,上海商銀,17,48.8,239.62
2026-10-07,73,1590,TWSE,亞德客-KY,05,1195.0,239.0
2026-10-07,74,2337,TWSE,旺宏,24,119.5,236.83
2026-10-07,75,6239,TWSE,力成,24,310.5,235.72
2026-10-07,76,2618,TWSE,長榮航,15,41.55,224.39
2026-10-07,77,6515,TWSE,穎崴,24,6130.0,223.41
2026-10-07,78,2912,TWSE,統一超,18,210.5,218.84
2026-10-07,79,2356,TWSE,英業達,25,58.6,210.23
2026-10-07,80,3533,TWSE,嘉澤,28,1865.0,209.88
2026-10-07,81,3702,TWSE,大聯大,29,119.0,208.41
2026-10-07,82,2609,TWSE,陽明,15,59.2,206.73
2026-10-07,83,5871,TWSE,中租-KY,20,105.0,199.04
2026-10-07,84,1101,TWSE,台泥,01,25.2,194.62
2026-10-07,85,2492,TWSE,華新科,28,389.5,188.99
2026-10-07,86,6139,TWSE,亞翔,31,795.0,187.28
2026-10-07,87,3532,TWSE,台勝科,24,467.0,181.13
2026-10-07,88,2834,TWSE,臺企銀,17,17.35,180.41
2026-10-07,89,1802,TWSE,台玻,08,59.8,173.9
2026-10-07,90,1605,TWSE,華新,06,38.75,171.71
2026-10-07,91,1504,TWSE,東元,05,71.1,168.96
2026-10-07,92,6805,TWSE,富世達,28,2415.0,165.56
2026-10-07,93,2347,TWSE,聯強,29,95.8,159.79
2026-10-07,94,2324,TWSE,仁寶,25,35.9,158.22
2026-10-07,95,1560,TWSE,中砂,05,1030.0,154.8
2026-10-07,96,6789,TWSE,采鈺,24,484.0,154.06
2026-10-07,97,8996,TWSE,高力,05,1600.0,149.6
2026-10-07,98,1402,TWSE,遠東新,04,27.9,149.35
2026-10-07,99,6196,TWSE,帆宣,31,663.0,146.08
2026-10-07,100,2633,TWSE,台灣高鐵,15,25.65,144.37
2026-10-07,101,7750,TWSE,新代,05,1980.0,142.25
2026-10-07,102,6526,TWSE,達發,24,842.0,141.04
2026-10-07,103,6257,TWSE,矽格,24,286.0,138.4
2026-10-07,104,6442,TWSE,光聖,27,1650.0,135.0
2026-10-07,105,3026,TWSE,禾伸堂,28,796.0,132.05
2026-10-07,106,2377,TWSE,微星,25,155.0,130.95
2026-10-07,107,1102,TWSE,亞泥,01,35.45,125.73
2026-10-07,108,6285,TWSE,啟碁,27,256.0,123.76
2026-10-07,109,2610,TWSE,華航,15,20.1,123.51
2026-10-07,110,2027,TWSE,大成鋼,10,47.7,123.27
2026-10-07,111,2451,TWSE,創見,24,279.0,120.35
2026-10-07,112,2812,TWSE,台中銀,17,18.7,120.15
2026-10-07,113,2049,TWSE,上銀,05,339.5,120.11
2026-10-07,114,5434,TWSE,崇越,29,619.0,120.09
2026-10-07,115,3406,TWSE,玉晶光,26,1045.0,117.82
2026-10-07,116,8210,TWSE,勤誠,25,885.0,111.17
2026-10-07,117,2474,TWSE,可成,31,206.0,111.0
2026-10-07,118,5269,TWSE,祥碩,24,1470.0,109.01
2026-10-07,119,8464,TWSE,億豐,38,364.0,106.66
2026-10-07,120,3706,TWSE,神達,25,80.3,106.58
2026-10-07,121,2455,TWSE,全新,27,567.0,106.02
2026-10-07,122,6691,TWSE,洋基工程,31,787.0,105.1
2026-10-07,123,7610,TWSE,聯友金屬-創,35,1790.0,104.37
2026-10-07,124,1503,TWSE,士電,05,197.0,102.63
2026-10-07,125,2105,TWSE,正新,11,30.05,97.4
2026-10-07,126,2838,TWSE,聯邦銀,17,20.25,97.36
2026-10-07,127,2353,TWSE,宏碁,25,31.05,94.64
2026-10-07,128,2855,TWSE,統一證,17,58.5,93.68
2026-10-07,129,2467,TWSE,志聖,28,576.0,93.03
2026-10-07,130,3167,TWSE,大量,05,1020.0,91.3
2026-10-07,131,8150,TWSE,南茂,24,127.5,89.83
2026-10-07,132,1717,TWSE,長興,21,74.9,88.7
2026-10-07,133,2354,TWSE,鴻準,31,62.7,88.69
2026-10-07,134,6781,TWSE,AES-KY,28,1025.0,87.55
2026-10-07,135,6531,TWSE,愛普*,24,1045.0,85.25
2026-10-07,136,7799,TWSE,禾榮科,22,531.0,84.03
2026-10-07,137,1513,TWSE,中興電,05,167.0,84.02
2026-10-07,138,6944,TWSE,兆聯實業,35,826.0,82.35
2026-10-07,139,2542,TWSE,興富發,14,38.2,82.25
2026-10-07,140,9945,TWSE,潤泰新,20,28.8,81.91
2026-10-07,141,3006,TWSE,晶豪科,24,273.5,81.54
2026-10-07,142,8021,TWSE,尖點,31,561.0,81.37
2026-10-07,143,2385,TWSE,群光,28,105.5,80.78
2026-10-07,144,6005,TWSE,群益證,17,32.75,80.41
2026-10-07,145,1476,TWSE,儒鴻,04,290.0,79.57
2026-10-07,146,6409,TWSE,旭隼,31,890.0,78.55
2026-10-07,147,8039,TWSE,台虹,28,295.5,77.95
2026-10-07,148,3450,TWSE,聯鈞,24,531.0,77.36
2026-10-07,149,3023,TWSE,信邦,28,317.0,76.1
2026-10-07,150,2637,TWSE,慧洋-KY,15,100.0,74.64
